epoch,time,train/box_loss,train/cls_loss,train/dfl_loss,metrics/precision(B),metrics/recall(B),metrics/mAP50(B),metrics/mAP50-95(B),val/box_loss,val/cls_loss,val/dfl_loss,lr/pg0,lr/pg1,lr/pg2
1,25.8246,6.67717,242.152,4.16709,0,0,0,0,6.72681,77.6574,4.15866,0.0802,0.0022,0.0022
2,49.3634,5.9413,39.132,3.8466,0,0,0,0,6.63472,5.38974,4.02444,0.0594852,0.00448515,0.00448515
3,75.7038,3.62911,3.2699,2.07197,0,0,0,0,6.54875,5.44734,3.75294,0.0387551,0.00675512,0.00675512
4,99.6673,3.08418,2.40287,1.33979,0,0,0,0,6.45286,5.50391,3.38524,0.0180099,0.00900991,0.00900991
5,126.137,2.89645,2.09795,1.26018,0,0,0,0,5.52607,5.41983,2.44295,0.009868,0.009868,0.009868
6,150.128,2.67498,1.89264,1.2376,0.48387,0.04219,0.26023,0.10572,3.18705,4.20812,1.56572,0.009835,0.009835,0.009835
7,177.304,2.63396,1.82257,1.2152,0.06263,0.44866,0.14654,0.05267,2.58419,3.19462,1.27227,0.009802,0.009802,0.009802
8,202.154,2.49002,1.72902,1.17323,0.37175,0.10127,0.13069,0.03076,3.06194,2.60952,1.40232,0.009769,0.009769,0.009769
9,229.276,2.36437,1.64986,1.14037,0.24175,0.21519,0.12407,0.03299,2.82809,2.72102,1.31086,0.009736,0.009736,0.009736
10,253.918,2.279,1.58461,1.09278,0.23535,0.32208,0.15389,0.04217,2.5524,2.35409,1.26309,0.009703,0.009703,0.009703
11,281.335,2.29319,1.58964,1.12317,0.2809,0.31505,0.19693,0.0483,2.60286,2.3889,1.29086,0.00967,0.00967,0.00967
12,305.994,2.23732,1.55966,1.09712,0.32227,0.28692,0.22738,0.08237,2.25613,2.09016,1.14498,0.009637,0.009637,0.009637
13,333.454,2.20265,1.4932,1.08558,0.37596,0.391,0.33722,0.12635,2.09211,2.0295,1.09625,0.009604,0.009604,0.009604
14,358.024,2.23176,1.5265,1.09978,0.35071,0.39581,0.29121,0.0786,2.46919,1.75324,1.21865,0.009571,0.009571,0.009571
15,385.272,2.21318,1.50696,1.05542,0.34987,0.33896,0.2817,0.08057,2.55256,1.97963,1.25544,0.009538,0.009538,0.009538
16,410.049,2.13482,1.46384,1.06783,0.29577,0.31505,0.22347,0.07095,2.47405,1.97235,1.21829,0.009505,0.009505,0.009505
17,437.228,2.13107,1.48814,1.0595,0.34115,0.26436,0.19772,0.05306,2.7384,1.9741,1.33039,0.009472,0.009472,0.009472
18,461.911,2.09047,1.41214,1.06198,0.34181,0.39803,0.32129,0.12463,2.11315,1.63474,1.0983,0.009439,0.009439,0.009439
19,488.783,2.10505,1.45084,1.04202,0.34778,0.47257,0.32208,0.11514,2.07936,1.56988,1.08968,0.009406,0.009406,0.009406
20,513.288,2.0258,1.41394,1.04844,0.40103,0.42053,0.3621,0.12562,2.1452,2.00708,1.11402,0.009373,0.009373,0.009373
21,540.799,2.06975,1.38828,1.04828,0.23993,0.30661,0.17593,0.05408,2.37233,2.83948,1.16788,0.00934,0.00934,0.00934
22,565.671,2.00107,1.38319,1.05009,0.3851,0.47117,0.36444,0.13785,2.09718,1.4851,1.1038,0.009307,0.009307,0.009307
23,593.384,2.04199,1.3889,1.04245,0.3318,0.33593,0.27825,0.09854,2.23533,1.74732,1.1654,0.009274,0.009274,0.009274
24,618.266,2.01257,1.39848,1.02935,0.39692,0.52883,0.4257,0.16371,2.02285,1.37936,1.08499,0.009241,0.009241,0.009241
25,645.405,1.97675,1.37315,1.03237,0.41425,0.47539,0.35979,0.12699,2.16489,1.64709,1.13577,0.009208,0.009208,0.009208
26,670.327,2.04745,1.3567,1.02759,0.33893,0.41247,0.32775,0.13232,2.06239,1.69256,1.08311,0.009175,0.009175,0.009175
27,697.538,1.97289,1.34596,1.02135,0.39526,0.53586,0.38135,0.12772,2.15766,1.50419,1.10951,0.009142,0.009142,0.009142
28,722.762,1.95469,1.3313,1.03126,0.35457,0.42032,0.30798,0.11977,2.04175,1.72554,1.09255,0.009109,0.009109,0.009109
29,750.131,1.90428,1.32024,1.00824,0.43656,0.50019,0.44334,0.17789,1.95665,1.44589,1.05686,0.009076,0.009076,0.009076
30,774.655,1.96934,1.34395,1.02096,0.11975,0.16456,0.11299,0.04528,2.7268,4.22175,1.33807,0.009043,0.009043,0.009043
31,802.221,1.97219,1.32209,1.02126,0.39953,0.53716,0.40667,0.161,1.96143,1.4484,1.06888,0.00901,0.00901,0.00901
32,827.206,1.9339,1.31448,1.01086,0.41195,0.55177,0.42347,0.16596,2.02768,1.40371,1.07451,0.008977,0.008977,0.008977
33,854.747,1.90189,1.31341,1.00194,0.30549,0.30239,0.21762,0.08526,2.2696,2.18604,1.12381,0.008944,0.008944,0.008944
34,879.958,1.90769,1.28886,1.0209,0.4089,0.56042,0.44137,0.16637,1.92497,1.414,1.04962,0.008911,0.008911,0.008911
35,907.432,1.91773,1.26136,1.00778,0.41069,0.49648,0.40436,0.1669,2.01076,1.57761,1.08078,0.008878,0.008878,0.008878
36,932.469,1.87917,1.25455,1.0004,0.36827,0.53446,0.39514,0.15568,1.97599,1.56326,1.06221,0.008845,0.008845,0.008845
37,960.297,1.87992,1.27552,0.99943,0.35061,0.4121,0.31738,0.12321,2.10005,1.60931,1.10784,0.008812,0.008812,0.008812
38,985.571,1.85271,1.26917,0.98324,0.36528,0.53868,0.3891,0.15945,1.98281,1.41476,1.04585,0.008779,0.008779,0.008779
39,1013.46,1.87018,1.2419,0.98736,0.39692,0.59775,0.44497,0.18818,1.8328,1.29492,1.02723,0.008746,0.008746,0.008746
40,1038.72,1.85537,1.23977,1.00745,0.40773,0.59775,0.46076,0.18614,1.91618,1.36541,1.04173,0.008713,0.008713,0.008713
41,1066.68,1.82719,1.22535,0.99038,0.42537,0.54971,0.45918,0.1972,1.85068,1.32455,1.03916,0.00868,0.00868,0.00868
42,1091.7,1.81097,1.21742,0.9829,0.39084,0.61272,0.43342,0.17789,1.87964,1.38794,1.03937,0.008647,0.008647,0.008647
43,1119.25,1.82347,1.23713,0.98484,0.38078,0.57384,0.39645,0.15965,1.94655,1.44479,1.0678,0.008614,0.008614,0.008614
44,1144.08,1.8314,1.2464,0.96894,0.40958,0.63854,0.44986,0.19691,1.81678,1.27751,1.02834,0.008581,0.008581,0.008581
45,1171.33,1.7888,1.2032,0.98351,0.32679,0.43179,0.28973,0.11909,2.01705,1.75681,1.08069,0.008548,0.008548,0.008548
46,1195.95,1.76599,1.17444,0.98366,0.43137,0.55696,0.46275,0.19427,1.9145,1.28544,1.0453,0.008515,0.008515,0.008515
47,1223.51,1.79731,1.19893,0.97753,0.42754,0.60189,0.48992,0.19946,1.87335,1.2736,1.04121,0.008482,0.008482,0.008482
48,1248.38,1.75571,1.16194,0.98299,0.42567,0.64416,0.50876,0.19451,1.96981,1.23015,1.06457,0.008449,0.008449,0.008449
49,1275.61,1.76421,1.17687,0.9704,0.36129,0.61976,0.44407,0.17639,1.96977,1.39028,1.07863,0.008416,0.008416,0.008416
50,1300.19,1.73309,1.1621,0.97262,0.4221,0.64206,0.48535,0.20632,1.85048,1.19512,1.03805,0.008383,0.008383,0.008383
51,1327.46,1.73141,1.16095,0.96975,0.38857,0.62835,0.46503,0.21471,1.7207,1.27065,1.00522,0.00835,0.00835,0.00835
52,1352.77,1.6948,1.14122,0.96007,0.43674,0.65823,0.52168,0.23918,1.74048,1.16449,0.99858,0.008317,0.008317,0.008317
53,1380.64,1.74174,1.1597,0.96107,0.41958,0.58509,0.44973,0.19451,1.91606,1.32753,1.03991,0.008284,0.008284,0.008284
54,1405.45,1.72115,1.11862,0.96875,0.38226,0.61619,0.44895,0.19423,1.86299,1.31197,1.05433,0.008251,0.008251,0.008251
55,1432.66,1.70995,1.16511,0.96512,0.37493,0.6285,0.43678,0.17475,1.93033,1.32756,1.05875,0.008218,0.008218,0.008218
56,1457.43,1.69015,1.10775,0.96042,0.37332,0.48101,0.36753,0.14511,2.1,1.54372,1.09389,0.008185,0.008185,0.008185
57,1484.75,1.72511,1.15586,0.97526,0.42715,0.66385,0.50298,0.21362,1.79101,1.19074,1.01938,0.008152,0.008152,0.008152
58,1510.01,1.66114,1.12386,0.94826,0.45107,0.60478,0.51099,0.20097,1.97493,1.16295,1.05815,0.008119,0.008119,0.008119
59,1537.65,1.66028,1.10103,0.94252,0.47681,0.60338,0.54425,0.19855,2.05221,1.21816,1.07426,0.008086,0.008086,0.008086
60,1562.3,1.64494,1.07605,0.96042,0.41508,0.61583,0.47554,0.20576,1.86706,1.24897,1.04773,0.008053,0.008053,0.008053
61,1589.58,1.63226,1.0623,0.94314,0.4816,0.66526,0.55288,0.24539,1.73933,1.11227,1.0012,0.00802,0.00802,0.00802
62,1614.27,1.68171,1.0912,0.94051,0.45014,0.65682,0.53212,0.23879,1.75577,1.20092,1.0147,0.007987,0.007987,0.007987
63,1641.7,1.65035,1.08028,0.95473,0.52163,0.59494,0.58179,0.2575,1.73608,1.09803,1.00617,0.007954,0.007954,0.007954
64,1666.31,1.64505,1.08295,0.93993,0.50033,0.57806,0.53089,0.22351,1.85356,1.23618,1.02595,0.007921,0.007921,0.007921
65,1693.71,1.67139,1.06495,0.95495,0.487,0.62025,0.57695,0.26103,1.73998,1.1062,1.00581,0.007888,0.007888,0.007888
66,1718.99,1.62969,1.06273,0.95673,0.49825,0.65963,0.56494,0.25378,1.72935,1.12105,1.00489,0.007855,0.007855,0.007855
67,1746.24,1.64816,1.06341,0.94638,0.45549,0.61181,0.53129,0.23911,1.7166,1.16036,0.99846,0.007822,0.007822,0.007822
68,1770.77,1.62745,1.07299,0.9406,0.47097,0.62588,0.55345,0.22865,1.87667,1.17129,1.05396,0.007789,0.007789,0.007789
69,1798.19,1.58209,1.0203,0.93452,0.48579,0.61744,0.56997,0.23935,1.8499,1.12788,1.03148,0.007756,0.007756,0.007756
70,1823.28,1.5832,1.01874,0.9317,0.49072,0.6526,0.59255,0.2757,1.68665,1.06273,0.98733,0.007723,0.007723,0.007723
71,1851.24,1.58444,1.01676,0.94086,0.54875,0.60338,0.5977,0.27321,1.7289,1.11291,0.99825,0.00769,0.00769,0.00769
72,1876.53,1.55297,1.00052,0.93928,0.52963,0.62396,0.5925,0.27726,1.63529,1.09527,0.9747,0.007657,0.007657,0.007657
73,1904.25,1.56303,0.99184,0.92615,0.58448,0.59549,0.60416,0.2709,1.70431,1.0351,0.99356,0.007624,0.007624,0.007624
74,1929.35,1.52581,0.96427,0.92559,0.44808,0.64416,0.53106,0.24804,1.7424,1.0881,1.01234,0.007591,0.007591,0.007591
75,1956.49,1.56079,0.97493,0.92996,0.57979,0.54852,0.57688,0.26425,1.66146,1.02847,0.98312,0.007558,0.007558,0.007558
76,1981.43,1.52518,0.9537,0.92286,0.47382,0.57947,0.50576,0.21142,1.87563,1.20429,1.05048,0.007525,0.007525,0.007525
77,2009.11,1.4979,0.96105,0.91783,0.56981,0.64272,0.61767,0.27804,1.72727,1.05865,0.99882,0.007492,0.007492,0.007492
78,2034.25,1.49777,0.94941,0.91652,0.67785,0.70139,0.69676,0.31904,1.66898,0.9604,0.98413,0.007459,0.007459,0.007459
79,2061.66,1.49988,0.9238,0.91723,0.50083,0.61181,0.5375,0.24899,1.73794,1.18782,0.99176,0.007426,0.007426,0.007426
80,2086.35,1.48671,0.92916,0.91679,0.6026,0.64621,0.6529,0.30947,1.61923,1.007,0.96456,0.007393,0.007393,0.007393
81,2113.95,1.45208,0.91225,0.91272,0.67112,0.64416,0.67657,0.32375,1.54314,0.9659,0.95845,0.00736,0.00736,0.00736
82,2138.72,1.45745,0.89152,0.91146,0.63876,0.62166,0.65563,0.30802,1.61736,1.02812,0.96541,0.007327,0.007327,0.007327
83,2166.24,1.45785,0.90775,0.91269,0.70555,0.65963,0.69992,0.30508,1.69294,0.96881,0.97805,0.007294,0.007294,0.007294
84,2190.83,1.48027,0.90726,0.92117,0.64233,0.65673,0.62628,0.27555,1.70101,1.01382,0.97735,0.007261,0.007261,0.007261
85,2217.91,1.43492,0.90711,0.90601,0.70503,0.66226,0.69418,0.30494,1.71999,1.01953,0.98816,0.007228,0.007228,0.007228
86,2242.58,1.48089,0.90632,0.90671,0.59104,0.5879,0.57585,0.25796,1.72113,1.11427,1.00785,0.007195,0.007195,0.007195
87,2270.17,1.41508,0.86544,0.89992,0.69359,0.70183,0.71203,0.33171,1.59064,0.89364,0.96082,0.007162,0.007162,0.007162
88,2294.8,1.43962,0.86316,0.91512,0.75094,0.72433,0.73452,0.35526,1.5164,0.91844,0.942,0.007129,0.007129,0.007129
89,2322.01,1.41318,0.85797,0.90131,0.65106,0.61744,0.6448,0.29482,1.66887,1.00208,0.98828,0.007096,0.007096,0.007096
90,2346.6,1.4329,0.8472,0.90847,0.46028,0.41069,0.38427,0.14724,2.05547,1.58503,1.07758,0.007063,0.007063,0.007063
91,2373.8,1.39566,0.85471,0.89988,0.72121,0.71589,0.72758,0.35691,1.52982,0.88349,0.94319,0.00703,0.00703,0.00703
92,2398.44,1.3745,0.81707,0.89154,0.73795,0.73558,0.7552,0.36841,1.51645,0.88647,0.93812,0.006997,0.006997,0.006997
93,2426,1.36881,0.79803,0.89402,0.72528,0.75387,0.73606,0.36413,1.47333,0.84675,0.92807,0.006964,0.006964,0.006964
94,2450.91,1.32929,0.78759,0.90001,0.7702,0.75105,0.76208,0.38152,1.47755,0.81381,0.93803,0.006931,0.006931,0.006931
95,2478.27,1.35565,0.81022,0.89353,0.7595,0.76394,0.77209,0.378,1.44951,0.79922,0.92634,0.006898,0.006898,0.006898
96,2502.81,1.35482,0.80121,0.89352,0.75227,0.71449,0.75394,0.37239,1.51081,0.82107,0.94504,0.006865,0.006865,0.006865
97,2529.79,1.34479,0.79916,0.89321,0.76266,0.75949,0.77927,0.3938,1.45887,0.7931,0.93076,0.006832,0.006832,0.006832
98,2554.79,1.34553,0.79897,0.8919,0.74197,0.7609,0.765,0.37445,1.55288,0.85823,0.95815,0.006799,0.006799,0.006799
99,2582.07,1.31325,0.79025,0.88396,0.77087,0.70979,0.76396,0.37586,1.48282,0.83905,0.93612,0.006766,0.006766,0.006766
100,2606.92,1.32038,0.7733,0.88858,0.75538,0.76371,0.77458,0.37812,1.48885,0.82705,0.93222,0.006733,0.006733,0.006733
101,2634.74,1.35362,0.79271,0.89313,0.76469,0.7173,0.75804,0.35889,1.58318,0.87307,0.94659,0.0067,0.0067,0.0067
102,2659.86,1.31938,0.78377,0.88793,0.79184,0.7384,0.77729,0.39069,1.46175,0.83296,0.91957,0.006667,0.006667,0.006667
103,2687.76,1.29567,0.76827,0.88863,0.75732,0.8045,0.79593,0.3934,1.42166,0.80037,0.91426,0.006634,0.006634,0.006634
104,2712.79,1.31052,0.76919,0.88014,0.73416,0.78462,0.75412,0.35219,1.54137,0.85461,0.93542,0.006601,0.006601,0.006601
105,2739.68,1.27524,0.74403,0.87394,0.7526,0.72574,0.76508,0.3792,1.50389,0.81178,0.94103,0.006568,0.006568,0.006568
106,2764.48,1.30961,0.77353,0.88641,0.78582,0.77406,0.78605,0.39836,1.48923,0.8128,0.93684,0.006535,0.006535,0.006535
107,2791.72,1.30446,0.74694,0.87745,0.7335,0.71615,0.75595,0.36963,1.48814,0.85085,0.93047,0.006502,0.006502,0.006502
108,2816.4,1.27417,0.7542,0.87401,0.7273,0.71449,0.72961,0.36516,1.48364,0.85828,0.94191,0.006469,0.006469,0.006469
109,2843.48,1.28386,0.75256,0.88076,0.79329,0.74824,0.79217,0.40173,1.40986,0.79633,0.92127,0.006436,0.006436,0.006436
110,2868.14,1.29153,0.75599,0.87684,0.76668,0.80878,0.81077,0.4097,1.42211,0.75952,0.9171,0.006403,0.006403,0.006403
111,2895.75,1.27123,0.73979,0.88467,0.76485,0.72996,0.77318,0.39497,1.48532,0.83326,0.93135,0.00637,0.00637,0.00637
112,2921.01,1.23733,0.73584,0.87071,0.78753,0.78622,0.80081,0.39853,1.44477,0.79314,0.92459,0.006337,0.006337,0.006337
113,2948.77,1.26773,0.74173,0.8757,0.75527,0.78762,0.78071,0.40853,1.36008,0.80106,0.91184,0.006304,0.006304,0.006304
114,2973.35,1.26194,0.73927,0.87896,0.7808,0.76934,0.7845,0.40154,1.45717,0.77933,0.9313,0.006271,0.006271,0.006271
115,3000.8,1.2238,0.70715,0.87149,0.78453,0.73741,0.77436,0.38064,1.48545,0.83154,0.933,0.006238,0.006238,0.006238
116,3025.66,1.25468,0.72467,0.8819,0.78331,0.79314,0.80549,0.41658,1.39861,0.75921,0.91552,0.006205,0.006205,0.006205
117,3053.1,1.20914,0.69665,0.86681,0.78308,0.75527,0.78106,0.40411,1.41717,0.78977,0.91716,0.006172,0.006172,0.006172
118,3077.85,1.19751,0.69235,0.87142,0.78796,0.782,0.78971,0.41555,1.38431,0.79106,0.91246,0.006139,0.006139,0.006139
119,3105.12,1.22029,0.69873,0.87854,0.77731,0.80731,0.80727,0.42498,1.3729,0.76059,0.90907,0.006106,0.006106,0.006106
120,3130.17,1.19463,0.70167,0.87443,0.77258,0.79466,0.79515,0.40138,1.39303,0.76989,0.91121,0.006073,0.006073,0.006073
121,3157.52,1.20664,0.69446,0.87409,0.78889,0.78837,0.80052,0.41931,1.36703,0.78685,0.90539,0.00604,0.00604,0.00604
122,3182.26,1.18882,0.68596,0.86948,0.80289,0.78487,0.80805,0.42163,1.4018,0.75295,0.91481,0.006007,0.006007,0.006007
123,3209.3,1.19718,0.68571,0.87453,0.81117,0.83122,0.81261,0.414,1.37216,0.74502,0.90667,0.005974,0.005974,0.005974
124,3234.21,1.18869,0.68919,0.86683,0.80208,0.81013,0.81281,0.41548,1.40476,0.79395,0.91276,0.005941,0.005941,0.005941
125,3262.04,1.21343,0.69941,0.86859,0.78743,0.79747,0.80404,0.4314,1.34887,0.73603,0.90728,0.005908,0.005908,0.005908
126,3287.28,1.17256,0.68967,0.85358,0.79615,0.78481,0.79932,0.43244,1.36617,0.75088,0.91248,0.005875,0.005875,0.005875
127,3315.02,1.1923,0.68338,0.86465,0.78725,0.8067,0.80132,0.40489,1.43355,0.78555,0.92478,0.005842,0.005842,0.005842
128,3340.05,1.17206,0.66172,0.87034,0.80556,0.79828,0.81016,0.43064,1.39159,0.77024,0.91547,0.005809,0.005809,0.005809
129,3367.01,1.19515,0.68979,0.87265,0.7901,0.79466,0.80911,0.42382,1.33018,0.77271,0.90483,0.005776,0.005776,0.005776
130,3392.09,1.19682,0.68904,0.87117,0.77902,0.82306,0.81242,0.42636,1.32143,0.71826,0.90536,0.005743,0.005743,0.005743
131,3419.92,1.163,0.68013,0.87025,0.77194,0.827,0.81472,0.41676,1.38288,0.7217,0.91439,0.00571,0.00571,0.00571
132,3444.52,1.18417,0.66362,0.86502,0.79109,0.80424,0.8139,0.42819,1.34574,0.72486,0.90747,0.005677,0.005677,0.005677
133,3472.08,1.17059,0.66496,0.86496,0.83344,0.8023,0.83278,0.44008,1.34105,0.73605,0.90444,0.005644,0.005644,0.005644
134,3496.47,1.18437,0.69002,0.87095,0.79721,0.79747,0.80789,0.41638,1.37853,0.748,0.91546,0.005611,0.005611,0.005611
135,3524.12,1.13589,0.64926,0.85652,0.79716,0.80147,0.80942,0.43422,1.35617,0.7441,0.91765,0.005578,0.005578,0.005578
136,3548.78,1.16023,0.67538,0.86396,0.82796,0.81153,0.82371,0.44098,1.31381,0.74483,0.90016,0.005545,0.005545,0.005545
137,3576.15,1.15531,0.66489,0.86264,0.80002,0.78481,0.81487,0.43264,1.37344,0.75255,0.91497,0.005512,0.005512,0.005512
138,3600.87,1.14294,0.65034,0.85683,0.77947,0.81529,0.81356,0.43351,1.35505,0.74202,0.91659,0.005479,0.005479,0.005479
139,3628.41,1.13696,0.65111,0.8654,0.79233,0.81566,0.82042,0.44195,1.29158,0.72808,0.8962,0.005446,0.005446,0.005446
140,3653.34,1.1216,0.64141,0.8617,0.77235,0.82841,0.81521,0.43748,1.31176,0.72386,0.90015,0.005413,0.005413,0.005413
141,3680.52,1.0969,0.63389,0.85498,0.8113,0.79747,0.81553,0.42812,1.34826,0.71452,0.90221,0.00538,0.00538,0.00538
142,3705.18,1.13372,0.65046,0.85466,0.81081,0.82841,0.83276,0.4495,1.32954,0.72437,0.90251,0.005347,0.005347,0.005347
143,3732.27,1.11517,0.63817,0.847,0.80533,0.81153,0.82387,0.44145,1.31496,0.74067,0.90077,0.005314,0.005314,0.005314
144,3756.88,1.1075,0.63859,0.85482,0.77533,0.81435,0.81719,0.44424,1.27896,0.74144,0.89399,0.005281,0.005281,0.005281
145,3784.39,1.12306,0.62681,0.85541,0.80952,0.789,0.8091,0.44489,1.31578,0.73786,0.89986,0.005248,0.005248,0.005248
146,3809.55,1.0864,0.61726,0.85809,0.7927,0.82278,0.82466,0.45023,1.30075,0.72654,0.89917,0.005215,0.005215,0.005215
147,3837.29,1.08687,0.62839,0.85226,0.78893,0.81997,0.81523,0.44141,1.2986,0.71419,0.90607,0.005182,0.005182,0.005182
148,3862.09,1.12864,0.6339,0.86774,0.80738,0.78622,0.81752,0.44479,1.29538,0.71081,0.9057,0.005149,0.005149,0.005149
149,3889.67,1.07914,0.61667,0.85022,0.81352,0.79767,0.81529,0.45147,1.28144,0.73654,0.90318,0.005116,0.005116,0.005116
150,3914.71,1.06389,0.60162,0.85005,0.7942,0.81716,0.82032,0.46494,1.25163,0.69828,0.89737,0.005083,0.005083,0.005083
151,3942.3,1.04877,0.61507,0.84542,0.81644,0.80731,0.8237,0.46128,1.25946,0.70159,0.8949,0.00505,0.00505,0.00505
152,3967.45,1.07825,0.61085,0.84243,0.82643,0.7969,0.83419,0.46651,1.26192,0.68423,0.8962,0.005017,0.005017,0.005017
153,3994.9,1.06895,0.60297,0.84612,0.81365,0.82903,0.84311,0.4622,1.28129,0.70382,0.89535,0.004984,0.004984,0.004984
154,4019.82,1.03307,0.58893,0.84162,0.81126,0.81612,0.82992,0.4422,1.29314,0.71418,0.89354,0.004951,0.004951,0.004951
155,4047.42,1.05717,0.60116,0.83692,0.79995,0.81997,0.81162,0.44591,1.30106,0.73805,0.8977,0.004918,0.004918,0.004918
156,4072.68,1.03856,0.58826,0.84318,0.80207,0.7834,0.81385,0.4444,1.27387,0.70469,0.8991,0.004885,0.004885,0.004885
157,4099.81,1.07803,0.61231,0.84244,0.7921,0.82419,0.83116,0.46222,1.26246,0.68196,0.89526,0.004852,0.004852,0.004852
158,4124.32,1.05563,0.59534,0.84671,0.79157,0.83327,0.83001,0.44563,1.3162,0.70301,0.90577,0.004819,0.004819,0.004819
159,4151.44,1.04455,0.59594,0.8406,0.81269,0.83685,0.83803,0.46768,1.25947,0.68559,0.89491,0.004786,0.004786,0.004786
160,4176.52,1.01556,0.5728,0.84485,0.80898,0.81575,0.82918,0.46716,1.26369,0.69606,0.89499,0.004753,0.004753,0.004753
161,4203.61,1.02822,0.58364,0.85097,0.78022,0.84881,0.83543,0.46837,1.22572,0.65674,0.88666,0.00472,0.00472,0.00472
162,4228.92,1.03084,0.59109,0.83911,0.84107,0.81575,0.83619,0.46606,1.26498,0.66878,0.89664,0.004687,0.004687,0.004687
163,4256.66,1.0275,0.59446,0.84591,0.82166,0.80028,0.82351,0.45289,1.30185,0.69473,0.90157,0.004654,0.004654,0.004654
164,4281.87,1.02802,0.57615,0.84569,0.82843,0.81294,0.84715,0.47428,1.26624,0.68513,0.89246,0.004621,0.004621,0.004621
165,4309.51,1.0378,0.57769,0.84195,0.81989,0.81857,0.8408,0.47563,1.22336,0.66017,0.88604,0.004588,0.004588,0.004588
166,4334.3,1.00982,0.56392,0.83597,0.80245,0.827,0.83931,0.47886,1.21205,0.66357,0.88308,0.004555,0.004555,0.004555
167,4361.44,1.00868,0.57149,0.84516,0.81857,0.83128,0.84787,0.4821,1.22127,0.66626,0.88235,0.004522,0.004522,0.004522
168,4386.34,0.98246,0.56058,0.84163,0.82512,0.81435,0.83626,0.47598,1.23142,0.66029,0.88746,0.004489,0.004489,0.004489
169,4413.19,0.99678,0.56739,0.84082,0.83696,0.82138,0.8372,0.47937,1.1965,0.66119,0.88704,0.004456,0.004456,0.004456
170,4437.65,1.00771,0.55707,0.84633,0.80531,0.83404,0.83635,0.45567,1.27935,0.67437,0.89353,0.004423,0.004423,0.004423
171,4465.29,0.972,0.55582,0.83023,0.83101,0.8576,0.85027,0.48873,1.19152,0.64649,0.88496,0.00439,0.00439,0.00439
172,4489.88,0.9914,0.56981,0.83744,0.83015,0.8481,0.85392,0.48551,1.174,0.63271,0.87558,0.004357,0.004357,0.004357
173,4516.79,1.01604,0.56439,0.84252,0.80807,0.84529,0.84262,0.48979,1.19552,0.63641,0.88419,0.004324,0.004324,0.004324
174,4541.77,0.99336,0.56629,0.83765,0.83783,0.84951,0.85715,0.48948,1.1939,0.64598,0.88177,0.004291,0.004291,0.004291
175,4569.18,0.92769,0.54295,0.82917,0.81925,0.85232,0.84471,0.49116,1.17061,0.64208,0.88428,0.004258,0.004258,0.004258
176,4594.17,0.9428,0.55147,0.83258,0.81452,0.85232,0.84842,0.48936,1.19836,0.64767,0.88024,0.004225,0.004225,0.004225
177,4621.93,0.97733,0.55382,0.84225,0.82305,0.83735,0.84638,0.49136,1.17283,0.63286,0.87605,0.004192,0.004192,0.004192
178,4647.05,0.9586,0.54114,0.84568,0.80963,0.8494,0.84412,0.48646,1.19601,0.64299,0.88099,0.004159,0.004159,0.004159
179,4674.7,0.96089,0.54667,0.84128,0.83043,0.83544,0.85511,0.4866,1.20547,0.6473,0.88217,0.004126,0.004126,0.004126
180,4699.9,0.97585,0.55541,0.84108,0.81455,0.80591,0.84056,0.47937,1.18887,0.66776,0.87937,0.004093,0.004093,0.004093
181,4727.55,0.96889,0.54078,0.83611,0.81142,0.84107,0.84882,0.48925,1.17055,0.65481,0.87552,0.00406,0.00406,0.00406
182,4752.36,0.9577,0.53618,0.84201,0.81766,0.83826,0.84434,0.4867,1.17074,0.6459,0.87754,0.004027,0.004027,0.004027
183,4779.47,0.95433,0.54547,0.83371,0.83527,0.82013,0.84922,0.49727,1.1608,0.64189,0.8777,0.003994,0.003994,0.003994
184,4804.05,0.93576,0.52633,0.83356,0.82022,0.82134,0.85292,0.49776,1.14509,0.63031,0.87673,0.003961,0.003961,0.003961
185,4831.4,0.9363,0.53907,0.827,0.82625,0.8256,0.84111,0.48601,1.18129,0.64005,0.88313,0.003928,0.003928,0.003928
186,4856.13,0.90412,0.52029,0.83234,0.83565,0.827,0.85099,0.48672,1.18458,0.66331,0.87876,0.003895,0.003895,0.003895
187,4883.59,0.92218,0.52426,0.82946,0.83483,0.83544,0.85373,0.5045,1.14973,0.62593,0.87726,0.003862,0.003862,0.003862
188,4908.78,0.90537,0.52717,0.8264,0.81167,0.84256,0.83822,0.48885,1.17238,0.64785,0.88062,0.003829,0.003829,0.003829
189,4935.75,0.92991,0.52792,0.82764,0.82766,0.83756,0.84578,0.50155,1.14448,0.60906,0.8738,0.003796,0.003796,0.003796
190,4960.23,0.92504,0.52898,0.83376,0.83332,0.83966,0.85488,0.49483,1.15889,0.62094,0.87524,0.003763,0.003763,0.003763
191,4987.63,0.92823,0.5194,0.83331,0.80832,0.83628,0.84946,0.48628,1.15946,0.6369,0.87572,0.00373,0.00373,0.00373
192,5012.25,0.89026,0.51263,0.82653,0.81905,0.84107,0.85167,0.50014,1.16224,0.62669,0.87882,0.003697,0.003697,0.003697
193,5039.33,0.91149,0.52072,0.82137,0.8194,0.87623,0.86337,0.50481,1.18535,0.61485,0.88455,0.003664,0.003664,0.003664
194,5064.35,0.89715,0.52105,0.82756,0.81391,0.83685,0.84964,0.50552,1.15868,0.61388,0.87883,0.003631,0.003631,0.003631
195,5091.36,0.92832,0.53654,0.8303,0.80272,0.84951,0.85779,0.50944,1.14505,0.60728,0.87624,0.003598,0.003598,0.003598
196,5116.39,0.9027,0.50702,0.8248,0.84319,0.82434,0.85719,0.50765,1.14823,0.63219,0.87831,0.003565,0.003565,0.003565
197,5143.79,0.88235,0.49431,0.82606,0.83087,0.82914,0.85667,0.50958,1.14779,0.62505,0.87683,0.003532,0.003532,0.003532
198,5168.56,0.87288,0.49743,0.83082,0.87538,0.81153,0.85901,0.50607,1.16369,0.64219,0.87569,0.003499,0.003499,0.003499
199,5195.88,0.87827,0.49647,0.82525,0.85231,0.82841,0.86405,0.50724,1.15983,0.6216,0.87703,0.003466,0.003466,0.003466
200,5220.39,0.87493,0.4982,0.82806,0.82789,0.8389,0.85149,0.51173,1.14083,0.6244,0.87789,0.003433,0.003433,0.003433
201,5247.63,0.92277,0.52618,0.84113,0.83633,0.8256,0.84506,0.49786,1.13493,0.62649,0.87485,0.0034,0.0034,0.0034
202,5272.6,0.86308,0.49106,0.81984,0.8197,0.84404,0.85733,0.51239,1.10897,0.61333,0.87258,0.003367,0.003367,0.003367
203,5300.31,0.86802,0.4925,0.82997,0.80722,0.85654,0.85137,0.51188,1.0968,0.59527,0.8717,0.003334,0.003334,0.003334
204,5325.53,0.84669,0.48834,0.81909,0.82756,0.83404,0.85011,0.51689,1.10731,0.59573,0.87221,0.003301,0.003301,0.003301
205,5353.08,0.85453,0.49114,0.82264,0.8392,0.84248,0.8606,0.51752,1.1194,0.59557,0.8764,0.003268,0.003268,0.003268
206,5377.62,0.87135,0.4902,0.82694,0.82548,0.85156,0.85598,0.52105,1.10487,0.60218,0.87225,0.003235,0.003235,0.003235
207,5404.65,0.84851,0.49081,0.81827,0.81159,0.8603,0.85339,0.51957,1.10437,0.60288,0.86985,0.003202,0.003202,0.003202
208,5429.49,0.82813,0.47925,0.82972,0.80653,0.86076,0.8528,0.51041,1.11625,0.61566,0.87159,0.003169,0.003169,0.003169
209,5457.04,0.86898,0.49836,0.82134,0.82922,0.86779,0.86195,0.5256,1.10292,0.58886,0.87218,0.003136,0.003136,0.003136
210,5481.87,0.85711,0.482,0.83008,0.82432,0.85232,0.85396,0.52285,1.09581,0.5987,0.87084,0.003103,0.003103,0.003103
211,5509.24,0.83629,0.48162,0.82142,0.80945,0.85513,0.85238,0.51969,1.08706,0.5927,0.86714,0.00307,0.00307,0.00307
212,5534.53,0.84344,0.48655,0.81853,0.82012,0.83826,0.85042,0.5194,1.08556,0.59068,0.86583,0.003037,0.003037,0.003037
213,5561.95,0.83507,0.47783,0.82386,0.81504,0.85091,0.84781,0.51055,1.09214,0.60591,0.86925,0.003004,0.003004,0.003004
214,5586.58,0.84533,0.47617,0.82737,0.81854,0.84951,0.85954,0.52523,1.07156,0.59737,0.86628,0.002971,0.002971,0.002971
215,5614.07,0.8491,0.48693,0.82116,0.82547,0.84479,0.86107,0.52738,1.07351,0.58385,0.8658,0.002938,0.002938,0.002938
216,5639.3,0.83294,0.48004,0.82627,0.83278,0.84951,0.85782,0.52101,1.09788,0.58776,0.87046,0.002905,0.002905,0.002905
217,5666.67,0.8381,0.47286,0.83097,0.82783,0.8481,0.85419,0.52205,1.09371,0.59837,0.87103,0.002872,0.002872,0.002872
218,5691.52,0.8301,0.47706,0.82044,0.82462,0.85232,0.8586,0.52579,1.07377,0.5992,0.86904,0.002839,0.002839,0.002839
219,5719.37,0.83076,0.47701,0.82995,0.8345,0.84248,0.85718,0.52701,1.07224,0.59294,0.87096,0.002806,0.002806,0.002806
220,5744.41,0.81518,0.46944,0.82155,0.83849,0.85429,0.86342,0.5274,1.07289,0.58309,0.87132,0.002773,0.002773,0.002773
221,5771.83,0.80527,0.45934,0.81265,0.8431,0.83966,0.8621,0.53308,1.09257,0.59979,0.87122,0.00274,0.00274,0.00274
222,5796.31,0.79139,0.45204,0.8145,0.85016,0.85373,0.87177,0.53872,1.08487,0.59558,0.86908,0.002707,0.002707,0.002707
223,5823.26,0.79605,0.46441,0.81934,0.84692,0.8326,0.8577,0.5387,1.07223,0.58964,0.86791,0.002674,0.002674,0.002674
224,5848.02,0.79863,0.46235,0.81648,0.85513,0.83404,0.86536,0.53293,1.06131,0.6014,0.86819,0.002641,0.002641,0.002641
225,5875.59,0.82925,0.47028,0.81346,0.83855,0.86076,0.86606,0.53563,1.0562,0.59736,0.86803,0.002608,0.002608,0.002608
226,5900.2,0.79913,0.45364,0.81545,0.85124,0.85935,0.865,0.53701,1.03775,0.59382,0.86119,0.002575,0.002575,0.002575
227,5927.23,0.80784,0.46223,0.82046,0.84966,0.84669,0.86313,0.53982,1.05407,0.60592,0.86489,0.002542,0.002542,0.002542
228,5951.9,0.79496,0.45651,0.82382,0.84661,0.84388,0.86288,0.53085,1.07142,0.60709,0.86846,0.002509,0.002509,0.002509
229,5979.15,0.78713,0.45842,0.81396,0.84283,0.85513,0.86102,0.5309,1.0838,0.60083,0.87055,0.002476,0.002476,0.002476
230,6004.1,0.79611,0.45647,0.82486,0.83869,0.85513,0.87145,0.53478,1.06605,0.5843,0.86588,0.002443,0.002443,0.002443
231,6031.48,0.76631,0.43958,0.81538,0.84371,0.86556,0.87615,0.54289,1.05221,0.58474,0.86483,0.00241,0.00241,0.00241
232,6056.34,0.77765,0.45679,0.81226,0.84659,0.86357,0.87082,0.53829,1.044,0.57865,0.86239,0.002377,0.002377,0.002377
233,6083.35,0.77158,0.4453,0.81483,0.83194,0.86779,0.8727,0.54255,1.04742,0.58007,0.8628,0.002344,0.002344,0.002344
234,6107.91,0.79243,0.45514,0.8116,0.83595,0.86002,0.86996,0.54676,1.04506,0.5789,0.86342,0.002311,0.002311,0.002311
235,6134.96,0.77222,0.44202,0.81779,0.85752,0.8465,0.87358,0.54593,1.04579,0.56825,0.86197,0.002278,0.002278,0.002278
236,6159.54,0.7723,0.4387,0.81979,0.84654,0.8692,0.87528,0.54896,1.03914,0.56595,0.86049,0.002245,0.002245,0.002245
237,6186.42,0.75159,0.43892,0.81164,0.864,0.85091,0.87627,0.55399,1.04833,0.57742,0.86197,0.002212,0.002212,0.002212
238,6211.35,0.74789,0.4263,0.8101,0.86356,0.85513,0.87465,0.54963,1.05757,0.57786,0.86513,0.002179,0.002179,0.002179
239,6238.06,0.74494,0.42302,0.81579,0.8431,0.85935,0.87478,0.55046,1.04129,0.57102,0.86391,0.002146,0.002146,0.002146
240,6262.71,0.73968,0.42605,0.81259,0.83662,0.87342,0.87895,0.55278,1.02785,0.56518,0.86369,0.002113,0.002113,0.002113
241,6289.93,0.75216,0.43221,0.81104,0.83867,0.86273,0.87496,0.54882,1.03041,0.57052,0.86545,0.00208,0.00208,0.00208
242,6314.78,0.73782,0.42684,0.81634,0.83336,0.86498,0.8717,0.55044,1.04318,0.57662,0.86793,0.002047,0.002047,0.002047
243,6342.62,0.73349,0.42303,0.81105,0.83492,0.86787,0.86922,0.55069,1.04044,0.57403,0.86656,0.002014,0.002014,0.002014
244,6367.22,0.75141,0.42753,0.81441,0.85256,0.84951,0.87185,0.55061,1.03963,0.56664,0.86667,0.001981,0.001981,0.001981
245,6394.81,0.72497,0.41902,0.81053,0.83662,0.86639,0.87155,0.55039,1.0287,0.5612,0.86579,0.001948,0.001948,0.001948
246,6419.8,0.75377,0.42821,0.80706,0.83034,0.87419,0.87446,0.55044,1.03372,0.57615,0.86525,0.001915,0.001915,0.001915
247,6447.66,0.73866,0.42832,0.8094,0.8343,0.85373,0.87163,0.54759,1.02354,0.58353,0.86323,0.001882,0.001882,0.001882
248,6472.79,0.71735,0.41566,0.81081,0.8496,0.85809,0.87936,0.55516,1.01778,0.57556,0.86269,0.001849,0.001849,0.001849
249,6500.71,0.70975,0.41251,0.81228,0.85245,0.86135,0.8824,0.55665,1.01552,0.57809,0.86132,0.001816,0.001816,0.001816
250,6525.54,0.73239,0.42021,0.80766,0.84245,0.85737,0.87492,0.55719,0.99907,0.56528,0.85958,0.001783,0.001783,0.001783
251,6552.83,0.71295,0.41367,0.8131,0.84729,0.85059,0.87088,0.56274,0.99179,0.56603,0.85799,0.00175,0.00175,0.00175
252,6577.85,0.72015,0.41707,0.81312,0.84077,0.85654,0.87545,0.5651,0.99537,0.55932,0.85793,0.001717,0.001717,0.001717
253,6605.67,0.72462,0.41738,0.80749,0.85013,0.84669,0.87505,0.55979,1.00096,0.55892,0.85926,0.001684,0.001684,0.001684
254,6630.85,0.68927,0.40682,0.81487,0.85174,0.85651,0.87674,0.56053,1.00072,0.55073,0.86056,0.001651,0.001651,0.001651
255,6658.39,0.69358,0.40601,0.80872,0.84865,0.86357,0.87739,0.55811,0.99779,0.55296,0.86067,0.001618,0.001618,0.001618
256,6683.57,0.69683,0.40115,0.80889,0.85348,0.85935,0.87808,0.56196,1.01121,0.56505,0.86227,0.001585,0.001585,0.001585
257,6711.28,0.69928,0.41527,0.80709,0.85976,0.86224,0.88209,0.56337,1.00594,0.56203,0.86089,0.001552,0.001552,0.001552
258,6735.98,0.68583,0.40361,0.80468,0.85855,0.85368,0.87629,0.55854,1.00531,0.55808,0.86025,0.001519,0.001519,0.001519
259,6763.45,0.67866,0.4031,0.81122,0.85699,0.85969,0.87785,0.56524,1.002,0.567,0.86199,0.001486,0.001486,0.001486
260,6788.24,0.67224,0.38953,0.80415,0.86264,0.85677,0.87516,0.56272,1.00951,0.56421,0.86326,0.001453,0.001453,0.001453
261,6815.69,0.68486,0.40539,0.80876,0.85892,0.86483,0.8807,0.56684,0.99251,0.55633,0.86236,0.00142,0.00142,0.00142
262,6840.95,0.70175,0.40521,0.81077,0.84766,0.86498,0.87603,0.56316,0.99795,0.56013,0.86169,0.001387,0.001387,0.001387
263,6868.79,0.68903,0.40389,0.80592,0.84691,0.86368,0.87825,0.55823,0.99753,0.56337,0.85986,0.001354,0.001354,0.001354
264,6893.73,0.68984,0.40451,0.81136,0.84554,0.86235,0.87947,0.56531,0.98425,0.56239,0.85909,0.001321,0.001321,0.001321
265,6921.04,0.66336,0.39329,0.8048,0.84346,0.86357,0.87899,0.56627,0.97923,0.56068,0.85699,0.001288,0.001288,0.001288
266,6946.18,0.66641,0.39346,0.81054,0.84735,0.86639,0.87846,0.56893,0.98297,0.56679,0.85764,0.001255,0.001255,0.001255
267,6973.31,0.66949,0.39379,0.80203,0.85603,0.86137,0.87754,0.57094,0.9864,0.56691,0.85935,0.001222,0.001222,0.001222
268,6998.61,0.66155,0.389,0.80843,0.84833,0.87322,0.87422,0.56563,0.98894,0.56135,0.86162,0.001189,0.001189,0.001189
269,7026.39,0.64508,0.3861,0.80263,0.8453,0.86841,0.87611,0.57,0.98753,0.56437,0.86059,0.001156,0.001156,0.001156
270,7051.08,0.65354,0.38402,0.80982,0.85206,0.85868,0.87841,0.57199,0.9786,0.55561,0.85937,0.001123,0.001123,0.001123
271,7078.77,0.64668,0.37943,0.81112,0.8524,0.85654,0.8784,0.57168,0.98035,0.55566,0.86009,0.00109,0.00109,0.00109
272,7104.07,0.64714,0.3761,0.80429,0.83994,0.87091,0.88016,0.57056,0.98188,0.55474,0.85918,0.001057,0.001057,0.001057
273,7131.37,0.64427,0.37831,0.80369,0.84526,0.86357,0.8826,0.5766,0.97646,0.54837,0.85877,0.001024,0.001024,0.001024
274,7155.97,0.63887,0.38097,0.7973,0.85455,0.85795,0.88184,0.58092,0.97345,0.55192,0.85858,0.000991,0.000991,0.000991
275,7183.45,0.63827,0.38173,0.80335,0.85042,0.86357,0.88044,0.58504,0.96538,0.5572,0.85685,0.000958,0.000958,0.000958
276,7208.78,0.63716,0.37797,0.80899,0.87377,0.85373,0.88412,0.58295,0.96651,0.56215,0.85631,0.000925,0.000925,0.000925
277,7236.59,0.62921,0.37498,0.80067,0.87492,0.85373,0.88509,0.57764,0.9693,0.5594,0.85659,0.000892,0.000892,0.000892
278,7261.87,0.62806,0.37289,0.79921,0.86766,0.85754,0.8825,0.57467,0.9674,0.55113,0.85681,0.000859,0.000859,0.000859
279,7289.79,0.61242,0.36523,0.80034,0.86252,0.85935,0.88422,0.57424,0.96809,0.55178,0.85741,0.000826,0.000826,0.000826
280,7315.04,0.62249,0.37388,0.80028,0.85795,0.86645,0.88516,0.57159,0.97291,0.55301,0.8573,0.000793,0.000793,0.000793
281,7342.65,0.62491,0.37012,0.80152,0.8639,0.85707,0.88489,0.58295,0.96358,0.56005,0.8564,0.00076,0.00076,0.00076
282,7367.78,0.62756,0.37091,0.80284,0.85919,0.85935,0.88427,0.5804,0.97005,0.56059,0.85758,0.000727,0.000727,0.000727
283,7395.24,0.62611,0.36257,0.8096,0.84749,0.86752,0.88303,0.58071,0.96148,0.5625,0.85575,0.000694,0.000694,0.000694
284,7420.26,0.62011,0.37113,0.79915,0.85354,0.86065,0.88314,0.57959,0.96502,0.55855,0.85752,0.000661,0.000661,0.000661
285,7447.13,0.63833,0.37519,0.79977,0.86238,0.85494,0.88282,0.57969,0.95728,0.55541,0.85524,0.000628,0.000628,0.000628
286,7471.64,0.61315,0.36544,0.8007,0.86531,0.85232,0.87946,0.57578,0.96316,0.55637,0.8557,0.000595,0.000595,0.000595
287,7499.3,0.61228,0.36459,0.80418,0.85435,0.85935,0.88087,0.57484,0.96454,0.55252,0.85642,0.000562,0.000562,0.000562
288,7524.6,0.61337,0.36774,0.8017,0.86199,0.86086,0.88352,0.57783,0.95597,0.55194,0.85556,0.000529,0.000529,0.000529
289,7551.78,0.60802,0.35789,0.80221,0.86649,0.85802,0.8811,0.57862,0.95983,0.55388,0.85674,0.000496,0.000496,0.000496
290,7576.26,0.59546,0.35884,0.79577,0.87094,0.85422,0.8825,0.58246,0.94615,0.54588,0.85489,0.000463,0.000463,0.000463
291,7607.54,0.67205,0.37922,0.80199,0.8656,0.87342,0.88872,0.58694,0.9411,0.55122,0.85331,0.00043,0.00043,0.00043
292,7632.89,0.54013,0.32206,0.79752,0.85366,0.86967,0.8744,0.57843,0.9557,0.56051,0.85465,0.000397,0.000397,0.000397
293,7660.73,0.53366,0.31604,0.79434,0.85086,0.86639,0.86985,0.57491,0.96295,0.56478,0.8545,0.000364,0.000364,0.000364
294,7685.48,0.52384,0.31538,0.79143,0.85074,0.86576,0.8753,0.57714,0.96161,0.56441,0.85499,0.000331,0.000331,0.000331
295,7713.23,0.5174,0.30707,0.79441,0.84165,0.8672,0.87747,0.57821,0.95007,0.5621,0.85357,0.000298,0.000298,0.000298
296,7738.2,0.50792,0.31338,0.79217,0.85305,0.85795,0.87829,0.58005,0.94713,0.55981,0.85355,0.000265,0.000265,0.000265
297,7765.92,0.50875,0.3064,0.78543,0.85938,0.85795,0.87961,0.57977,0.94234,0.55731,0.85457,0.000232,0.000232,0.000232
298,7790.61,0.50314,0.30311,0.79851,0.85698,0.86806,0.88287,0.58004,0.94441,0.56246,0.85405,0.000199,0.000199,0.000199
299,7817.48,0.50909,0.31215,0.79086,0.86609,0.86217,0.88264,0.58065,0.94633,0.56067,0.85482,0.000166,0.000166,0.000166
300,7842.52,0.50061,0.30897,0.78924,0.86771,0.85798,0.88248,0.58147,0.94397,0.5596,0.8548,0.000133,0.000133,0.000133
